"","D1","D2","D3","D4","D5","D6","D7","D8","D9","D10","D11","D12","D13","D14","D15","D16","D17","D18"
"1",2,1,0,0,0,-2,0,1,-1,-2,2,-2,2,-2,-1,1,2,2
"2",3,-4,-3,-3,-1,0,0,2,-1,-2,-3,-2,2,1,2,2,1,1
"3",2,0,3,2,-2,-4,2,3,-2,0,0,-2,2,3,1,3,0,2
"4",2,1,-3,-3,3,-3,2,2,2,-3,3,-3,2,-3,1,-2,2,3
"5",-1,0,-3,-1,-2,-3,-1,3,0,-2,-3,1,2,-3,-1,3,2,1
"6",2,-3,-1,2,2,-1,3,4,-2,-2,-1,-2,3,2,-4,-4,1,3
"7",1,0,-1,1,-1,2,2,2,2,-3,-3,-2,1,-2,-2,-2,-2,2
"8",3,0,1,-3,4,4,-1,4,0,0,0,2,1,4,0,1,-1,-2
"9",1,-1,-3,-1,-3,-1,3,1,-3,-2,-1,-2,2,-1,0,1,1,2
"10",4,-3,2,0,-1,0,4,1,4,-2,0,2,4,1,1,-4,4,4
"11",0,-2,-3,1,-1,1,3,2,3,-2,-1,-2,4,-1,-1,1,2,1
"12",0,0,-1,0,0,-1,2,0,-1,0,0,0,0,-1,0,-1,4,4
"13",2,-2,-3,-1,-3,-4,4,0,-4,-3,-1,-2,3,3,2,3,2,-3
"14",1,-1,-3,-1,1,0,1,0,2,3,3,2,1,1,2,1,2,0
"15",2,-1,1,1,-2,-3,3,4,-1,-1,2,-1,4,-3,-1,2,2,3
"16",4,2,-2,-1,3,2,2,4,-1,-1,-3,-3,3,-2,-2,-3,-1,3
"17",-2,-3,-4,-3,-3,-4,3,3,-3,-3,-2,-4,1,-3,2,2,-1,4
"18",3,3,3,2,3,1,1,2,0,1,0,2,2,0,0,-1,1,0
"19",4,-2,0,-4,-2,2,2,2,-2,1,-1,-3,-1,1,1,-3,1,2
"20",-1,0,-2,-2,-2,-4,0,2,-3,-2,-4,1,2,0,4,1,3,4
"21",1,-1,-1,-1,-2,-4,1,2,3,-2,0,-2,2,-2,2,3,2,2
"22",0,4,2,2,-2,0,4,0,0,-1,1,2,1,-4,0,-2,1,3
"23",2,-4,-4,-4,-4,-4,4,4,-4,0,-4,0,4,3,-3,-4,4,4
"24",4,-3,-2,0,-4,1,3,4,-1,-4,-4,-4,3,-3,3,-2,0,2
"25",1,-4,-3,-3,-4,-3,1,2,3,-2,-1,-3,2,-3,-1,-2,1,0
"26",3,-4,-4,2,-2,-2,4,4,-2,-4,-3,-3,2,2,0,-4,-1,1
"27",-1,-3,1,0,-1,-4,2,2,-3,-4,-3,-4,3,-1,1,1,2,4
"28",0,0,-2,-2,-3,-1,1,2,-1,-2,0,-1,-1,-1,-1,-1,0,1
"29",1,-4,-3,-3,-2,-3,1,3,-3,-3,-3,-3,1,-3,-3,-1,-1,-1
"30",0,-1,-1,-3,-1,-2,1,1,-4,-1,-2,-2,-2,-1,1,1,1,2
"31",-3,-3,-3,-2,-2,1,1,-3,1,-4,-2,2,2,2,1,-2,1,2
"32",4,-4,-4,-4,-4,4,4,4,4,-4,-4,-4,4,0,-1,0,3,4
"33",4,-4,-4,4,-4,-4,2,4,-1,4,4,2,4,1,1,-4,4,4
"34",1,1,1,1,2,2,2,3,3,2,2,2,1,2,2,1,2,1
"35",2,-1,-3,-1,-2,-2,3,3,-2,-1,-1,1,2,-1,0,-1,2,2
"36",1,0,-2,2,-3,-2,3,3,-3,2,-2,2,3,-1,-1,-1,1,2
"37",0,2,2,-1,2,3,3,2,3,2,2,2,3,-2,2,2,2,1
"38",2,-2,-3,-2,-2,-4,3,2,-4,2,-3,-1,3,3,-1,1,0,-1
"39",4,2,-2,2,-2,-2,2,-2,2,2,-2,-4,3,2,-2,2,2,4
"40",1,-2,-1,-2,-2,0,3,4,0,1,-1,-2,1,2,2,1,3,4
"41",2,0,-2,2,0,0,3,1,0,2,1,-3,4,2,0,1,3,2
"42",4,-4,-4,-3,-3,-2,2,4,1,1,2,-2,4,3,3,-2,3,4
"43",2,-1,-3,-2,-3,-4,3,4,-4,-3,-3,-4,1,1,1,2,2,-1
"44",1,2,-1,-3,-1,-4,2,2,3,3,2,-1,2,2,2,2,3,2
"45",-1,-4,-3,0,-1,-2,4,4,-3,0,3,0,-1,-3,-1,-1,-1,0
"46",3,-3,-2,1,-3,1,2,2,1,0,1,-1,1,1,0,-1,1,1
"47",4,0,-2,-1,-2,-2,4,4,2,1,-1,-1,4,-4,-2,2,3,4
"48",2,-1,-2,1,-2,-4,2,2,1,-2,-1,-1,1,-3,1,-2,2,4
"49",2,-3,-3,-4,-3,-4,-1,2,-3,-3,-3,-3,-2,-4,-2,-3,1,-2
"50",3,-1,1,1,1,1,3,2,-3,-2,-2,-2,3,0,0,-3,2,1
"51",0,-4,-4,-2,-2,-2,2,2,-3,-2,-3,-3,0,-2,-1,-3,0,-1
"52",0,2,1,0,1,2,0,3,0,1,1,2,3,2,2,0,1,3
"53",0,-1,-2,-4,0,-3,0,1,-3,-1,-1,-2,0,0,1,-2,0,2
"54",0,-2,-4,0,0,-4,2,4,0,-2,4,-1,4,-3,-1,-4,-1,4
"55",3,-2,-3,0,-2,-1,3,4,-1,-2,-2,-1,3,1,-2,1,3,4
"56",0,-1,1,1,-1,3,2,2,1,-3,-3,-2,2,-3,0,-2,1,3
"57",4,-3,-4,-2,-4,-4,3,4,-2,-2,-4,-3,4,1,2,-2,2,4
"58",4,-2,0,1,2,3,4,4,0,-1,-1,2,4,0,0,-2,0,3
"59",2,0,-2,-2,-3,-3,0,-3,-3,-2,-3,-3,-2,2,2,-3,-1,0
"60",4,-3,-2,-3,-4,-1,3,4,-1,-4,-4,-4,3,-2,2,-4,0,3
"61",-4,-4,-4,-3,-2,-4,-1,-1,-4,-2,1,-3,2,-2,-2,-4,-2,1
"62",4,-3,-4,-4,-2,-1,4,4,4,-1,-2,3,4,-2,-1,-3,4,4
"63",4,-4,-3,-3,-4,-1,3,4,4,-3,-4,-2,4,-4,-4,-4,3,4
"64",4,-4,-4,-4,-3,-3,4,3,3,-2,-3,-3,3,-3,2,-3,-3,3
"65",-2,-1,-1,0,2,-2,2,2,1,3,-3,2,4,0,0,-4,0,3
"66",2,3,-4,2,-2,-3,1,2,-3,-2,-3,-3,2,-2,-1,-2,0,3
"67",3,-3,-3,-4,-2,0,3,2,0,-2,1,4,0,0,0,-1,1,4
"68",3,-1,-3,1,0,-4,3,4,-2,-3,3,-2,3,3,1,3,3,3
"69",-1,-2,-3,-1,-2,-4,2,1,3,-3,1,-3,4,0,0,2,3,4
"70",0,0,-2,0,-4,0,4,2,-3,-3,-2,-2,2,-4,0,0,0,3
"71",3,-1,-2,-2,-3,-3,0,4,3,0,0,0,-1,-2,-1,-2,3,4
"72",0,-2,-3,0,-2,1,2,2,0,-3,-2,-2,4,1,3,2,3,3
"73",0,2,-2,-1,1,-1,-2,0,-1,-2,1,1,1,0,0,0,-1,1
"74",1,-2,-1,-3,2,2,2,2,2,-2,1,-1,1,3,-2,3,1,2
"75",2,-3,-3,1,-2,1,2,3,-2,-3,-2,-1,0,-3,0,2,0,2
"76",1,-2,-4,-1,-2,1,2,2,-3,-2,-1,-1,1,-2,-1,0,-1,2
"77",2,1,2,2,2,1,4,4,1,3,3,2,1,3,2,2,3,4
"78",-2,0,-2,-1,-1,-1,2,3,3,-1,-2,-1,2,-2,-2,-2,2,3
"79",4,-2,-3,2,0,4,4,4,4,0,-3,-2,4,-3,3,3,3,3
"80",2,-1,-1,-1,-2,0,0,2,-4,4,0,-1,0,-2,-2,-3,0,4
"81",2,-2,-4,2,3,-3,1,4,2,-1,1,1,4,1,-3,-4,1,2
"82",-3,-4,2,-1,2,-1,3,2,4,2,3,2,2,-1,0,-2,3,4
"83",1,-1,0,0,0,1,2,0,0,-1,0,1,2,-1,0,-2,1,0
"84",3,-1,-1,-4,1,4,4,4,-2,2,0,4,-3,-2,0,-3,-4,-3
"85",3,-1,-2,-4,-1,4,4,4,-1,-2,4,-1,3,-1,0,-2,2,-1
"86",-2,-2,1,2,2,1,4,2,0,2,0,-3,4,4,-3,-2,0,4
"87",2,-2,-4,-3,-3,-2,4,4,0,-4,4,4,4,-2,-3,-3,4,4
"88",1,-1,-2,-3,1,3,1,2,-2,-3,-2,-2,-2,1,3,2,0,-3
"89",4,4,-2,-1,4,3,4,4,-3,3,4,-1,4,4,2,-2,4,4
"90",0,0,-1,0,-2,-1,3,2,1,-1,-1,-1,0,-1,-1,-1,3,2
"91",0,-2,-3,0,0,-3,1,2,-1,0,1,-1,3,-3,-2,1,2,2
"92",4,-4,-2,-2,-2,2,3,2,1,-2,0,-2,4,-3,-2,-2,-2,4
"93",2,-4,-3,-1,-1,-1,2,3,1,-3,-3,-1,4,-2,0,0,1,2
"94",2,1,2,2,1,3,3,4,3,0,2,2,3,3,2,3,3,3
"95",4,-4,3,3,4,3,4,4,4,3,2,4,4,4,1,3,4,4
"96",3,-3,-3,-3,-3,-3,3,4,3,-4,-2,-3,4,-2,-3,-3,2,3
"97",1,-3,2,-2,0,-1,2,3,-2,-2,1,-4,3,-2,3,-4,4,4
"98",1,2,-2,-2,1,-2,2,2,2,3,3,0,0,1,0,1,2,3
"99",0,0,-1,-4,-4,4,4,4,4,-4,-2,-4,4,-2,-4,-4,1,4
"100",2,-1,0,0,1,-1,0,-1,4,-1,0,-3,2,-1,-1,-1,0,4
"101",-1,2,1,-1,-1,1,1,3,2,-4,-3,-3,1,2,-2,1,2,3
"102",0,-1,-2,-1,-1,-2,2,2,-1,-2,-1,-2,2,-1,0,1,2,2
"103",0,-1,-3,-3,-3,-2,3,4,-1,-4,-3,-3,2,-2,-3,1,2,2
"104",2,-2,1,0,2,0,1,2,-3,0,1,-4,1,0,0,-3,0,3
"105",2,-2,-3,-4,-2,2,3,3,0,-2,-1,-2,1,-1,4,0,1,3
"106",1,0,-3,2,-3,-3,4,1,-1,-2,-1,-2,3,3,-3,2,-1,3
"107",4,-4,-4,-4,-4,-3,4,4,-2,-4,-3,-1,3,1,1,-1,4,4
"108",2,2,-4,4,4,4,4,4,-2,4,3,0,4,1,4,3,4,4
"109",3,-1,-1,-2,-2,1,2,4,2,-1,1,-1,2,1,0,-1,2,3
"110",0,0,-1,-2,-1,-3,1,-1,-3,-1,2,-2,-1,-1,1,-3,1,2
"111",3,3,2,4,4,4,4,3,2,3,2,4,4,4,4,2,4,4
"112",3,-4,-4,-1,-4,3,3,3,-3,0,-2,-2,4,4,0,0,3,4
"113",3,-3,-4,-1,-3,-2,4,4,0,-3,-4,-4,4,-4,-2,3,3,2
"114",0,2,-2,4,-4,-2,4,4,-1,0,-2,1,3,1,0,0,-2,2
"115",3,-2,-1,1,-2,2,2,0,4,-1,3,1,0,-1,3,1,-1,2
"116",-1,1,1,0,2,1,4,1,-2,-2,-2,3,4,2,2,-1,0,4
"117",1,1,2,3,4,-2,3,4,1,4,4,4,1,-1,3,-1,2,4
"118",-2,-3,-3,-2,3,-4,2,-1,-3,-3,-1,-4,-2,1,2,-3,-1,4
"119",3,-1,-2,-2,3,-2,-1,-3,3,-3,-3,-3,-3,3,3,3,-3,0
"120",1,-3,-4,2,-2,1,1,4,-2,-3,4,-1,4,1,-1,-4,-1,4
"121",-2,-2,-2,-3,-2,2,2,3,0,2,2,-2,3,-3,0,-3,3,4
"122",4,-2,-4,-3,3,0,2,1,0,-2,-2,-1,2,2,3,3,3,3
"123",1,1,-2,1,1,1,2,2,0,-3,-2,-4,0,-2,0,1,1,-2
"124",-1,-2,3,2,0,0,2,1,1,0,1,1,4,0,1,1,0,1
"125",0,-1,-3,-3,-4,-1,0,4,-2,-4,-4,-4,2,1,1,-1,2,4
"126",-1,-3,-4,-3,-4,-1,3,4,-3,-3,-3,-3,1,-3,-3,-3,-2,-2
"127",2,-3,-4,-1,-2,-1,3,2,-1,-3,-2,-2,4,0,3,2,3,2
"128",4,-2,-2,-2,-1,2,2,2,2,-1,-1,-1,-1,-2,1,1,1,0
"129",1,-1,1,-2,2,2,-2,-3,-1,0,-1,-1,0,1,0,-1,0,1
"130",3,1,-1,-1,1,-4,4,2,1,-1,4,-2,4,-4,-4,-4,4,4
"131",-2,-2,-4,0,-4,-4,0,0,4,0,-3,-4,3,0,-2,-4,0,-3
"132",3,-3,-4,-3,-3,-3,3,3,-1,-2,-3,-2,2,-2,2,-1,1,2
"133",4,-2,-3,-1,-4,2,4,4,3,-3,-4,-1,2,1,-1,-1,2,2
"134",2,-1,-1,1,0,0,-1,2,3,-2,-3,-3,2,-1,-2,-2,2,2
"135",-1,2,2,1,0,2,2,2,1,1,2,1,0,-1,0,-2,2,2
"136",-3,-2,-4,-2,-1,-4,0,2,-3,-3,-4,-3,0,-2,1,2,-2,1
"137",3,-1,-3,-1,-4,-1,3,4,0,-3,2,-3,1,-3,1,-2,-2,2
"138",1,0,2,0,0,2,0,1,0,-1,-3,2,-2,2,2,1,1,0
"139",-1,-1,-1,-2,1,1,1,1,-1,-1,3,-1,3,1,2,1,-1,-2
"140",3,-1,-2,1,2,-3,2,1,-4,0,0,-3,0,1,0,-4,-2,-3
"141",3,-3,-3,-4,4,2,4,-3,4,-3,0,-2,4,0,-1,-3,-2,3
"142",1,2,-2,2,1,-1,0,2,-2,2,3,0,4,2,1,-1,1,4
"143",2,-2,-2,-1,0,1,3,2,-2,-1,-1,-2,2,0,0,-2,2,4
"144",-1,3,-3,4,-1,-2,4,4,1,1,2,-3,4,-4,4,4,4,3
"145",-3,-3,-4,-2,1,-4,1,2,3,3,1,-1,1,-1,-1,1,0,1
"146",1,2,1,2,1,0,1,3,4,2,-1,1,3,1,0,2,2,2
"147",-3,-4,-2,-4,-4,0,1,3,-1,-1,-1,-1,0,-1,-1,-4,-1,-2
"148",1,-1,-1,1,-3,1,1,3,0,-3,-1,-3,0,-1,1,3,2,3
"149",3,2,0,2,0,2,3,4,0,-2,0,0,4,-2,2,2,0,0
"150",2,-1,-3,0,-3,-1,4,4,0,-1,1,-1,4,-1,1,3,4,3
"151",3,-2,-4,-2,-2,3,3,4,-1,-4,-1,-3,4,-3,-2,3,3,3
"152",1,1,-1,-2,-1,1,2,3,0,-3,-1,-2,2,-1,0,-1,2,2
"153",4,2,4,4,4,-4,4,4,-4,-4,-4,-4,4,4,0,0,4,4
"154",4,-2,-2,0,-2,-1,2,2,0,-2,-3,-2,2,-1,0,1,3,4
"155",0,-2,-4,-3,-1,-4,1,4,-3,0,0,-4,4,-4,0,-3,0,2
"156",3,-3,-2,-1,-4,-4,3,4,-2,-3,-3,-4,2,-2,1,2,-3,4
"157",2,-3,-2,-2,-4,1,3,1,1,2,1,-1,3,3,2,2,3,4
"158",-2,1,2,1,2,2,-1,0,2,0,0,1,1,-1,2,1,2,1
"159",4,1,-4,-4,-2,-3,3,3,0,-4,1,-4,4,2,3,3,3,3
"160",3,-2,-1,-2,0,2,3,2,3,-1,-3,1,2,2,0,2,0,3
"161",2,-4,-3,-1,-3,-2,4,4,-3,-1,2,1,2,2,-1,2,2,3
"162",2,-3,-4,3,-3,-2,3,4,-3,-4,-2,-3,2,2,3,3,2,4
"163",4,-4,-4,0,-2,-1,2,4,2,-2,-2,-1,2,-4,1,4,-2,3
"164",2,-2,-2,-1,-2,-1,3,3,-1,-1,0,-1,2,1,1,-2,1,3
"165",0,0,-2,1,-3,0,1,4,1,-3,0,-2,2,2,3,3,-4,4
"166",3,-1,-1,-1,-4,0,4,1,0,0,0,-1,1,0,0,-1,2,-1
"167",4,-1,-4,0,-4,0,4,4,1,-4,-4,-4,4,-4,-4,-4,4,4
"168",0,-1,-2,0,-1,-2,2,2,1,-1,-1,-1,1,1,2,2,1,1
"169",2,-2,-3,-3,-2,-3,3,3,2,-2,-1,-3,1,-1,0,-1,3,2
"170",2,2,0,-1,2,2,4,4,3,0,0,2,3,3,0,0,1,2
"171",4,-2,-4,-4,-1,-4,2,3,-2,-3,-1,-3,-4,-4,-1,-4,2,4
"172",3,-3,-3,1,-2,2,3,2,0,-2,-2,-1,3,-2,1,-1,1,2
"173",0,-2,-3,-3,-4,0,3,2,0,-2,-2,-2,2,1,0,0,0,2
"174",4,2,-3,3,-2,-3,4,4,-2,-4,-3,3,4,4,3,3,4,4
"175",1,1,2,-1,3,-3,4,3,-4,1,4,0,1,2,-1,-2,-3,0
"176",2,-4,-4,-2,-1,-3,4,4,-4,-2,1,-3,4,-4,0,-3,2,4
"177",-1,-3,-4,-2,-2,-1,4,4,2,-2,-3,-2,-1,-1,1,-2,3,4
"178",3,-2,-4,0,-3,-4,3,4,-2,1,1,-2,3,-2,2,2,3,3
"179",1,1,-3,-4,1,-3,0,4,-1,-3,-4,-3,0,2,4,4,4,3
"180",0,-1,-2,-2,-1,0,1,0,1,-1,-2,0,-2,-2,1,-1,0,2
"181",-1,-2,1,3,-1,1,1,-2,3,2,3,-2,3,-1,3,-1,1,4
"182",2,-2,-1,1,0,0,2,2,1,1,-1,-3,2,1,3,3,2,3
"183",-2,-3,-3,-2,-2,-3,1,2,-3,2,3,2,2,2,3,2,3,2
"184",2,2,1,2,3,2,3,2,2,-1,1,2,2,2,2,2,-1,2
"185",2,-3,-3,-3,-4,1,3,3,3,-2,-2,-3,3,-3,-2,-3,3,2
"186",2,-3,-2,-1,-1,-4,2,4,-3,-2,1,-2,4,-2,3,2,2,4
"187",3,-2,-2,-1,-1,-1,2,2,1,0,-1,-2,-1,-2,-2,-1,-1,0
"188",1,-1,-2,-1,-2,1,2,3,0,-2,-2,-1,2,0,3,1,1,4
"189",3,-1,-2,-2,-1,-2,2,2,0,1,0,2,0,2,2,2,0,0
"190",1,-2,-3,-2,-1,0,3,3,-1,-2,0,-1,0,2,-1,-1,1,2
"191",3,-2,-4,2,-1,-2,3,4,-2,-2,-2,-2,4,1,0,2,2,4
"192",1,0,0,0,0,1,1,2,1,1,-1,-1,0,1,2,1,1,0
"193",1,-1,-2,-1,-1,-4,4,4,4,-2,-1,-2,2,0,1,-1,2,2
"194",2,-2,-4,-2,-3,-1,3,0,-4,-4,-4,-4,2,-3,0,0,0,3
"195",1,-1,-4,-1,-1,-3,4,4,3,-3,-1,-2,4,3,2,2,3,4
"196",3,-3,-3,0,2,-4,3,2,-4,-1,2,2,3,3,3,3,4,3
"197",3,-3,-3,1,-3,4,4,4,0,-3,3,1,4,0,0,0,4,4
"198",2,1,-2,1,1,1,3,4,0,-1,-2,-2,2,-2,2,-2,3,3
"199",2,-1,-1,0,2,2,0,0,3,4,0,-1,-1,0,0,0,0,0
"200",3,-3,-2,-2,-2,3,3,3,0,-2,-2,0,4,-1,1,4,3,4
"201",1,2,0,2,-2,1,3,3,2,2,-2,-2,4,2,1,1,2,4
"202",4,-3,-4,-1,-4,2,3,4,-1,-3,-1,-1,4,2,0,-1,3,3
"203",2,-1,-3,-2,1,-2,-1,3,3,-3,-2,-1,3,-2,-4,-3,-1,3
"204",2,-2,-3,2,-1,-1,2,3,-3,2,2,-2,2,-3,0,-3,0,2
"205",0,-2,-3,-4,-1,-4,3,0,0,-1,-1,-1,-2,-1,0,-2,0,0
"206",1,1,-1,1,1,0,2,2,3,1,2,0,4,2,3,1,2,2
"207",0,-1,-1,-1,-2,2,2,0,-1,-1,-2,-2,2,1,-1,-1,1,1
"208",0,-2,-3,1,2,-2,3,4,-3,3,1,-3,4,2,2,3,1,3
"209",1,-1,-2,-1,-4,-1,4,4,-1,0,-2,1,4,-3,2,-1,3,4
"210",3,-2,-2,-3,-3,2,3,3,2,1,-1,1,3,-2,2,-1,1,1
"211",3,2,2,3,-2,-1,3,3,-4,-3,-3,-3,3,-2,-2,-2,2,3
"212",2,-2,-4,3,-1,2,2,2,3,2,2,2,4,-1,0,1,3,-4
"213",-2,-3,0,-1,1,-1,1,1,-2,-2,0,-1,-1,-1,0,-1,0,1
"214",2,-2,-2,0,-2,2,2,0,2,-2,-2,-2,2,2,0,-2,2,2
"215",0,-2,-3,-3,-4,-2,3,4,-2,-3,-2,-4,4,-1,0,1,2,2
"216",1,-1,1,0,1,-1,-1,2,1,-1,0,1,0,1,2,0,-1,-1
"217",3,3,-2,-1,1,1,-2,2,1,-4,-2,2,4,-3,0,-1,1,1
"218",0,2,-3,-2,-1,-3,1,2,4,1,-2,-1,1,1,0,2,1,3
"219",2,-3,-3,-2,-2,0,4,4,0,-4,-1,-3,4,-2,0,-2,4,4
"220",2,-2,-2,1,1,-1,0,1,1,1,1,1,1,1,-1,-1,2,3
"221",3,-3,-3,-4,-3,-2,4,4,-3,-3,-3,-3,2,-2,0,-1,3,2
"222",2,-1,-2,-1,-1,1,4,4,-3,-3,-2,-1,3,-4,2,-3,0,4
"223",-2,-4,-4,-2,-2,-3,2,0,-2,1,1,1,2,-1,2,-1,-4,2
"224",1,-1,-1,-2,-3,1,1,1,0,-2,-2,-2,2,-3,2,-2,2,2
"225",3,-2,0,2,2,-1,4,1,-1,-2,-1,1,0,2,3,2,2,2
"226",2,-2,-2,-3,-2,-2,2,2,-1,-2,-1,-2,1,-2,1,-1,0,1
"227",4,-2,-3,-1,-1,-4,3,4,-3,2,-1,2,4,1,2,-2,2,4
"228",3,-3,-4,-1,-1,-1,3,1,-2,-3,1,1,2,-1,3,-1,2,4
"229",2,-1,-3,-3,-3,-4,-3,1,-2,-4,-3,-1,2,-3,-1,-2,1,-2
"230",0,-2,3,-1,3,4,1,1,-1,3,-2,-1,1,-1,3,4,4,-1
"231",3,-2,-2,-3,-2,-1,-1,1,3,-1,1,-3,4,-2,-1,-1,0,1
"232",3,-4,-3,-2,-1,1,4,4,-2,-2,-3,-3,4,-3,0,-3,1,4
"233",4,-2,-4,2,3,-3,2,4,4,-2,3,-2,4,-2,4,3,4,3
"234",4,-1,0,4,0,-4,4,2,-4,-2,-4,-3,-2,-3,3,-1,2,1
"235",-1,-2,-4,-3,-4,-3,3,4,2,-2,-3,-3,4,-2,1,-3,2,-1
"236",1,-1,-2,-2,-4,1,2,3,-1,-2,-3,-1,4,-3,-2,-2,1,2
"237",2,0,-1,-3,1,-4,1,3,2,-2,2,1,2,3,1,0,2,2
"238",-1,-3,1,-1,0,3,3,4,-1,0,-1,-2,4,1,1,-1,2,-2
"239",3,-1,-2,-2,-3,-2,4,2,-2,-2,-2,-2,3,-2,-1,0,4,2
"240",2,-1,-3,2,2,-1,3,3,-1,-3,2,2,3,2,3,2,1,3
"241",1,-1,-1,-1,-1,0,-1,1,0,1,-1,-1,1,-2,0,-1,1,-1
"242",2,-1,2,-2,-4,-2,3,4,4,-3,-4,-2,2,-2,1,0,-2,1
"243",2,-3,-1,-1,-2,-3,2,-2,-2,-3,-2,1,1,-3,0,-1,-1,1
"244",3,-2,-2,-1,-2,3,2,3,0,-2,0,-2,-1,-2,1,1,0,2
"245",1,-3,-4,-3,-4,-2,1,2,4,-3,-3,-2,2,-1,1,-2,1,4
"246",2,-1,-1,-1,-2,-2,1,1,1,-1,-1,-1,2,-1,-1,-1,1,1
"247",0,3,-4,3,0,1,4,4,1,0,0,-1,1,-1,-1,-1,0,1
"248",3,0,1,0,1,2,4,4,-4,0,-2,-2,4,-3,-2,-2,-2,4
"249",1,-3,-3,-4,-4,-4,1,2,-4,-4,-3,-3,2,-4,-2,-2,-1,-2
"250",-1,0,1,-3,-1,2,0,1,0,-1,0,1,-1,0,1,-1,1,2
"251",1,-2,1,0,1,-2,-1,2,1,-2,-3,-2,3,-2,-1,-3,2,-2
"252",0,2,-2,0,-1,0,1,4,-2,-1,0,0,2,-1,-2,-2,0,0
"253",3,-2,-2,-2,-1,1,3,3,-1,-3,-2,-3,3,-1,-1,-2,1,3
"254",2,-2,-1,-4,-4,4,3,0,4,-1,-1,-4,4,-1,-4,4,4,4
"255",-1,-3,-4,-3,-4,-3,-1,-3,1,-4,-4,-2,3,-2,-2,-1,2,3
"256",2,-1,-3,-1,-1,-4,0,1,-3,-2,0,0,2,-2,-2,-2,1,2
"257",4,-3,-3,-4,-3,3,4,4,-1,-3,-2,-4,3,-4,-1,-3,0,4
"258",2,2,1,-1,3,-1,3,1,-1,2,-2,-3,1,3,0,1,1,4
"259",2,0,-2,-1,-3,2,3,3,2,-2,-3,0,2,2,2,2,3,3
"260",-3,-4,-4,-1,-4,-4,3,3,-3,0,-2,-2,0,-1,-1,1,0,0
"261",3,0,-3,2,-3,-3,4,3,3,0,0,3,4,-1,2,2,2,4
"262",2,-2,-2,-2,-4,-1,2,3,-1,-2,-1,0,1,-1,-2,-3,3,3
"263",2,-2,-3,-4,-4,-2,2,4,-3,-3,-2,-3,4,-2,2,3,-1,3
"264",3,-2,-3,-1,-2,-2,3,4,-2,-2,-2,-1,1,2,2,-1,2,2
"265",0,1,0,0,1,1,0,2,1,0,2,0,0,0,0,1,0,1
"266",3,-1,-3,-3,2,2,4,4,2,2,2,2,4,-3,2,-3,3,0
"267",-2,3,3,0,-2,1,2,4,4,3,0,0,1,-2,1,0,0,1
"268",0,0,-4,1,-1,-2,3,2,-1,-2,-2,-3,3,-2,4,2,1,3
"269",3,-2,-3,0,-4,-3,3,3,-1,-1,1,2,3,-2,2,4,3,3
"270",4,-1,-2,-3,-4,-1,4,2,4,-2,2,-3,2,-2,1,-4,1,4
"271",2,-2,-3,-1,-4,-3,4,4,-2,-1,1,-1,4,-4,4,-2,-1,4
"272",1,-1,-3,0,-4,-4,-1,4,-2,-4,-1,-3,0,-1,2,1,-1,2
"273",3,2,-2,2,2,2,3,2,-1,-1,0,-2,3,2,0,-1,2,3
"274",0,1,-3,2,-3,-4,-1,1,1,-3,-3,-2,2,2,-2,0,1,1
"275",1,-2,-3,-1,-2,1,4,4,1,-3,0,-1,4,0,-1,-1,-1,4
"276",-1,-3,-4,1,-4,-4,4,0,-1,-3,-3,-3,4,-3,-1,-3,3,-3
"277",1,-2,-4,-2,-2,-4,2,3,-1,2,3,0,4,1,1,4,1,4
"278",1,-1,0,1,1,1,3,1,-1,1,2,2,1,3,1,3,1,1
"279",3,-1,-3,4,-4,-2,4,4,-2,-2,2,-2,3,-2,0,1,1,2
"280",3,-1,-2,-1,-2,0,3,2,0,-1,1,-1,3,0,0,-2,1,3
"281",4,2,-3,-1,2,3,4,4,4,1,-1,-1,4,1,0,4,4,4
"282",-1,1,-3,-4,-4,-2,1,1,2,-3,-2,-2,-2,-3,2,-4,3,-1
"283",2,0,-1,2,-2,-2,-2,2,2,0,0,0,2,0,1,0,1,2
"284",0,1,-2,-1,-2,1,3,4,4,0,1,0,0,1,2,1,1,3
"285",0,0,-1,1,-3,-1,0,3,-1,-1,1,-2,2,2,3,3,1,2
"286",2,-1,-3,-1,-2,0,3,4,-1,-2,-2,-3,3,-2,1,2,3,2
"287",2,-4,-1,-1,-2,-4,0,4,-2,0,-4,0,4,-2,4,2,-2,-2
"288",3,-1,1,-2,-2,-2,3,4,-2,-2,1,0,2,-2,2,-2,-1,3
"289",3,-3,-4,-4,-3,-3,-1,4,3,1,2,2,2,1,0,-4,2,2
"290",2,-2,-3,-3,-2,-4,0,0,3,0,3,-3,0,-2,0,0,0,2
"291",1,3,-2,-2,-2,-2,4,1,1,-2,3,3,4,-2,2,1,4,4
"292",2,-3,-3,-3,-1,1,1,-1,3,-3,-2,-4,0,3,-1,1,-1,1
"293",-1,-2,-3,0,-3,-2,2,3,-3,-3,-3,-2,2,2,1,1,1,2
"294",-1,-3,-3,-3,-3,-2,2,3,-3,-2,2,-4,2,-4,0,-3,2,3
"295",2,-2,-3,-2,-2,-1,3,4,-3,-3,-3,-3,-2,-1,-2,-2,2,-2
"296",1,-1,-2,0,-1,-2,1,3,-3,-1,-1,-1,3,-2,0,2,2,2
"297",4,-2,-3,-4,-3,2,3,3,3,-1,-4,-3,2,-2,-1,1,0,4
"298",4,0,4,-3,4,0,4,0,-3,-4,0,0,4,0,0,0,0,4
"299",0,0,-3,-3,-2,-1,-1,-2,-4,-3,-2,-1,1,-3,1,2,0,0
"300",2,2,4,-2,-1,1,3,0,0,-1,-1,-3,1,-1,0,0,2,2
"301",1,-2,-4,-3,1,-3,2,1,-4,-2,-2,-2,-2,-2,-1,-2,1,-1
"302",0,-1,-2,-2,-3,0,1,2,0,-1,-1,-1,1,-1,-1,-2,2,3
"303",4,0,-1,-3,0,4,4,4,0,0,0,0,4,0,3,0,4,4
"304",2,1,3,-1,3,-1,2,2,3,3,3,2,3,3,0,-1,1,0
"305",4,-4,-3,-2,-2,2,2,1,0,1,0,-2,4,-4,4,-4,2,4
"306",3,-2,-4,-3,3,-4,4,3,-3,-3,-3,-2,3,2,2,3,3,3
"307",4,-4,-4,0,-4,2,2,3,3,0,-2,-3,4,-3,-3,-4,-4,-4
"308",2,2,1,3,1,3,3,4,3,-1,1,1,3,1,3,3,3,3
"309",0,-1,-2,-2,-3,1,0,0,0,-2,-2,-2,2,2,2,0,2,0
"310",3,-4,-4,0,0,-1,3,3,-1,-3,-1,-2,3,-1,-3,-2,3,0
"311",3,-2,-3,-2,-3,0,0,4,-1,0,-1,-1,2,-2,-2,-1,2,2
"312",3,-2,-1,-3,-3,1,2,4,1,-2,-2,-2,-1,1,1,-2,2,3
"313",3,-1,-2,1,-1,1,4,4,1,-1,1,-1,3,-1,1,2,1,2
"314",3,-3,0,-2,-4,1,4,3,-2,-1,2,-1,4,-4,-4,-3,3,3
"315",-1,-4,-3,-4,-4,-4,0,-2,-3,-4,-1,-4,0,-4,0,-4,-1,0
"316",4,-4,-4,0,-4,0,3,3,0,-3,-3,-3,3,-2,0,-3,3,4
"317",3,-2,-4,0,-2,1,3,2,0,-3,-1,-1,2,2,1,1,3,0
"318",4,-2,-4,-4,-4,-4,4,4,0,-2,2,-2,4,2,-2,-2,4,4
"319",1,2,1,2,2,1,-1,-2,-3,-1,-2,-2,1,-2,1,-2,-1,-1
"320",2,-2,-2,-1,-3,-3,3,4,-2,-4,-2,-2,4,2,1,2,4,4
"321",4,2,2,2,-1,2,1,1,1,4,0,1,3,0,-1,-2,-1,3
"322",4,4,4,4,3,-4,4,-4,4,-4,4,-4,4,4,4,4,4,4
"323",-2,-3,-4,2,2,-3,4,4,-3,-3,-3,-3,3,-3,3,2,4,4
"324",2,3,-2,-1,-1,-2,3,3,0,-2,2,-2,4,1,1,-1,2,4
"325",3,-3,-3,0,-4,0,1,2,-3,-2,0,-3,3,2,0,3,0,1
"326",0,0,0,-3,3,-4,4,2,-2,-1,-1,-3,0,-3,0,-4,2,0
"327",0,0,1,-1,-2,-2,3,2,-2,-2,-1,-3,2,-1,1,1,2,2
"328",4,4,-4,3,4,-3,4,4,2,4,4,4,4,4,-3,3,4,4
"329",2,-2,-3,0,-3,-1,1,3,0,-3,0,0,4,1,1,0,2,3
"330",4,0,3,2,-2,2,3,3,3,-3,-2,-2,3,-3,-2,-2,0,0
"331",2,1,-2,-1,3,-4,3,2,3,2,1,1,2,3,2,2,3,4
"332",4,-2,-4,-1,-2,-3,2,4,-3,-1,-1,-2,4,-3,-2,-4,0,4
"333",4,-4,-4,1,-4,1,4,4,-4,-2,-2,-2,3,-3,1,1,3,2
"334",0,0,0,0,0,1,2,4,0,0,-1,-1,-1,-2,0,0,4,4
"335",0,-1,-3,-2,-3,-2,3,3,-3,-3,-2,-4,3,1,2,-2,-2,2
"336",2,0,0,2,1,-1,1,2,-3,-2,1,-1,2,0,2,1,0,3
"337",1,-2,-2,1,-3,-1,1,2,-3,-1,-2,-1,1,-3,1,-1,2,3
"338",1,1,1,0,0,0,0,1,2,4,4,4,3,4,4,3,4,4
"339",2,1,2,-2,2,1,4,2,1,2,1,2,4,1,2,2,2,4
"340",3,0,-4,0,0,-4,-2,3,-1,0,1,0,3,4,3,0,4,4
"341",-1,2,1,-2,2,2,4,1,1,-1,-1,-3,1,-2,0,-1,-1,4
"342",-2,-2,-2,-4,2,2,2,1,1,-3,-3,-1,3,-2,-1,-3,1,1
"343",3,-1,-2,-2,-2,-1,1,2,3,-2,-2,-1,0,0,1,-1,1,0
"344",3,-3,-2,-3,-2,3,3,2,3,-3,-1,1,3,-2,2,-3,-2,3
"345",-1,-1,-2,-1,-2,-2,3,1,-1,-2,2,-2,3,-2,1,-2,0,-2
"346",1,-2,-2,-1,1,-1,2,3,1,2,-1,-1,4,3,2,3,3,3
"347",2,1,-3,-2,-1,3,4,4,-2,-3,-2,-1,2,-2,1,-3,3,0
"348",4,2,2,-2,1,3,3,4,3,3,2,1,4,3,0,-1,2,4
"349",1,1,1,1,1,1,1,1,1,1,1,1,1,1,1,1,1,1
"350",1,-4,-4,-4,-2,-3,3,4,-3,2,-4,-2,4,4,4,1,4,1
"351",4,-4,-4,0,-2,0,1,4,-1,-2,-1,-4,2,2,2,1,0,3
"352",2,-3,-3,-2,-4,-4,4,3,-1,-1,-2,-2,2,-1,1,3,1,2
"353",1,-2,-2,-2,-2,-2,4,2,0,-2,-1,-1,3,-3,-2,2,-1,3
"354",2,-2,-2,-3,-2,-2,3,3,-3,-2,-3,-2,0,-1,3,0,0,4
"355",3,-4,-3,-3,-3,-2,4,4,1,-1,0,1,3,-3,2,2,2,3
"356",2,0,0,3,2,1,4,4,1,-2,-3,-2,4,-1,0,0,4,-4
"357",0,-2,-3,-2,-2,-2,3,0,2,-3,-1,-2,3,-1,-2,-2,-2,3
"358",0,-4,-4,-3,-4,-4,1,4,-3,-3,-2,-2,3,-3,0,-4,2,2
"359",4,-4,-4,4,3,4,4,4,4,3,-1,3,4,-1,4,-1,4,-4
"360",2,-3,-3,-3,-3,-3,2,2,2,-2,-2,-2,1,1,-2,-2,1,1
"361",-2,-3,-3,1,-2,2,3,4,1,2,3,-1,2,-1,-1,-1,0,3
"362",-1,2,0,2,3,0,2,3,2,-2,-3,0,2,0,0,3,1,0
"363",1,-3,-4,0,2,-4,2,3,-3,-4,0,0,3,1,1,-2,4,3
"364",-1,-2,-2,-4,-3,-2,-1,2,-1,-1,-1,-3,3,2,0,3,3,3
"365",2,-2,-2,-1,-2,-2,0,1,-2,-1,0,0,2,0,2,-2,-3,2
"366",4,0,-2,0,0,0,3,4,0,3,0,3,4,0,-1,2,4,4
"367",3,-3,-2,-4,-2,0,2,3,-1,-2,-2,-2,1,-2,0,-2,2,4
"368",4,0,1,-1,2,0,4,4,0,0,0,0,4,0,1,3,4,0
"369",0,-2,-3,2,-4,-4,4,4,-2,-3,0,-4,3,3,0,3,-2,1
"370",2,-2,-4,-1,1,-1,1,-3,2,-3,-4,1,-2,2,2,4,3,4
"371",2,2,0,0,0,-3,2,3,-1,2,0,2,3,3,3,-1,2,3
"372",1,-2,-1,-3,-4,3,1,2,-4,-3,-3,-2,0,-2,-2,-1,2,3
"373",4,-2,-1,-1,-2,-1,3,4,-1,0,-2,-1,2,-4,1,-1,1,3
"374",3,-1,-1,-3,-1,3,3,3,1,-1,-3,-1,4,-2,1,-4,3,4
"375",0,-2,-2,2,0,2,3,4,-1,-2,4,0,3,1,2,1,0,4
"376",3,0,-1,1,2,2,3,2,-2,0,1,-2,3,-1,0,-2,4,2
"377",3,-4,-4,-4,0,-2,3,4,0,0,-3,-4,3,-2,1,-2,-1,3
"378",2,-2,-1,2,-3,1,2,2,-1,3,-3,-1,0,-3,0,-1,-3,0
"379",2,-3,-2,-3,-1,2,3,4,1,-2,-3,-2,-1,-1,0,-1,-2,2
"380",3,-2,-3,-2,-4,-1,3,4,0,-4,-1,-3,2,-3,-2,-3,3,3
"381",4,3,-1,-1,-3,-1,3,4,2,-3,3,-3,2,-1,1,-1,1,4
"382",3,-1,-2,-2,-2,-2,3,2,2,-1,-2,-1,-1,-1,-1,-1,-1,-2
"383",2,3,-1,-1,-1,4,3,2,-2,-3,-2,-1,2,3,3,-1,3,4
"384",1,2,2,2,-2,2,3,2,3,-2,3,-3,1,3,2,3,2,3
"385",1,-3,-2,2,-3,2,4,3,-1,-1,-2,-2,2,-2,2,-3,4,4
"386",0,0,-1,0,0,-1,0,1,0,-1,0,-1,0,0,1,0,0,1
"387",3,-3,0,-2,1,-3,3,3,-1,2,2,4,3,-1,0,3,3,3
"388",0,-3,-3,-4,0,-4,-1,1,1,-4,1,-1,1,-2,-1,-4,-1,-1
"389",3,-1,-1,0,-4,1,3,3,1,-2,-2,-1,2,-2,-2,-1,2,3
"390",1,-1,-1,-2,2,2,2,1,0,-1,-3,0,2,0,0,-2,2,2
"391",1,-3,-3,4,-4,-2,4,4,-3,-4,-2,-4,2,3,3,3,2,3
"392",3,-2,-4,1,-1,0,4,3,-2,-2,-3,-1,3,-2,-1,-2,4,3
"393",2,1,1,-2,3,-4,3,3,-4,-3,4,-3,3,2,-2,-4,-2,4
"394",-1,-2,-3,-1,-3,-2,2,4,0,-1,-1,-1,0,-2,-2,-2,-1,1
"395",3,-1,-3,-2,-2,0,3,3,-1,-2,1,1,1,-3,0,2,-2,2
"396",4,1,-2,3,3,-2,2,2,0,-2,1,-2,2,0,1,0,2,3
"397",2,-2,-4,0,-2,0,4,3,0,0,-1,-1,-1,-2,-2,2,-1,-1
"398",1,-2,-3,-3,-4,0,3,2,0,-3,-3,-3,3,-3,2,0,2,-3
"399",2,-2,-1,-1,0,-2,3,4,0,-1,0,0,0,-1,0,0,0,2
"400",-2,-3,-4,2,-1,-1,2,3,3,-2,-3,1,3,3,2,2,3,1
"401",3,-2,-1,2,-1,-1,2,3,2,-2,-1,-1,3,2,3,-1,0,1
"402",3,1,1,1,4,2,4,3,-1,4,4,4,2,1,1,1,0,2
"403",3,-1,-3,-1,-4,-2,2,3,0,-3,-2,-1,3,2,0,2,2,2
"404",1,-2,-4,-3,-2,-1,3,3,-3,-1,1,0,1,-3,1,-2,0,-2
"405",1,-2,-2,1,3,-4,4,2,1,-1,1,1,3,2,2,3,3,1
"406",4,2,-4,-4,-4,-4,4,4,-4,-4,-4,-4,4,-4,2,-2,1,4
"407",4,-2,-3,-3,-4,2,4,4,-4,0,3,1,4,-2,0,0,3,3
"408",2,-3,2,-4,0,-4,-4,2,-4,-4,-3,-3,4,3,4,3,0,4
"409",2,-4,-4,-4,2,-4,4,3,-4,0,-4,-4,0,-4,-2,0,2,4
"410",1,0,0,0,0,0,0,0,0,0,0,0,4,2,1,0,2,4
"411",4,-4,-4,-4,-4,-3,4,4,-3,-4,-4,-4,3,-4,3,-3,0,4
"412",3,-3,-2,-2,-2,2,0,2,1,-2,-2,-1,3,-2,-1,-3,-2,3
"413",3,-3,-2,-3,-4,3,3,3,3,-2,-3,-3,3,-3,-1,-3,-4,3
"414",-2,0,-4,0,0,-3,1,0,3,-4,4,-1,4,0,0,-4,1,4
"415",3,-4,-4,3,0,-3,0,3,0,0,0,-4,4,2,0,4,3,0
"416",-2,3,-4,4,2,-3,4,4,-2,-1,-1,2,-2,1,4,4,0,4
"417",4,1,3,1,-4,-3,2,2,-2,-1,-3,-2,3,-1,1,-3,-1,3
"418",2,-3,-2,0,-3,0,1,2,-3,-2,0,-3,2,0,0,0,3,2
"419",4,-4,-4,-4,-4,4,4,4,4,-4,0,0,4,1,2,0,0,4
"420",3,-1,-2,0,-3,-1,4,4,1,-1,-1,0,1,-2,-1,-2,0,3
"421",4,-3,-4,0,-1,0,3,4,0,-1,-2,-4,2,-3,4,-4,0,0
"422",-2,-4,-4,-2,-4,-3,3,3,-4,0,-1,-2,2,-3,2,2,-1,0
"423",0,1,-3,4,2,-2,3,3,2,0,2,-1,2,0,0,-1,0,3
"424",3,1,-1,-1,1,-3,2,3,1,0,-1,-1,4,1,-2,-2,3,4
"425",3,-2,-3,-1,-2,0,2,2,0,-2,0,-2,2,0,0,0,2,3
"426",3,-1,-3,0,2,-2,3,3,-2,-2,-4,1,0,3,3,3,1,0
"427",2,-1,-1,0,-3,-2,3,3,1,0,-1,-1,2,-3,-1,-2,2,3
"428",2,-3,-2,-1,2,-4,-1,1,-1,-2,2,-1,-1,0,-1,-2,-1,-2
"429",2,-1,-1,-2,-1,-4,1,4,-1,1,-1,-4,4,-3,-4,0,2,4
"430",3,-3,-4,-2,-2,-1,2,2,0,-3,-3,-2,3,2,-2,-2,2,3
"431",-2,-1,-4,-1,0,-4,2,3,-4,-4,-2,-1,2,-4,2,0,2,2
"432",3,-2,-2,1,-2,-4,4,4,3,-1,-2,-3,4,3,3,3,2,3
"433",3,-2,-3,-2,1,-4,4,-1,1,-2,-4,-4,4,-2,0,-4,4,4
"434",4,-4,-4,-4,-4,4,4,4,4,-4,-4,-4,3,3,1,-4,4,3
"435",1,0,0,0,0,4,2,0,-2,0,-2,0,4,0,-1,0,0,1
"436",4,-2,-4,0,-3,0,4,4,-4,-4,-4,-4,4,-1,-4,-4,0,0
"437",2,-1,-1,-3,-1,1,2,1,0,-1,-2,-1,0,1,1,1,-1,4
"438",3,-2,-2,-1,1,-4,2,3,-2,-2,-2,-3,1,3,0,3,3,4
"439",2,0,2,-1,1,-1,1,1,-2,-4,-3,-2,1,-1,2,0,-1,3
"440",4,-3,-2,-3,-2,0,2,2,0,0,-1,-1,3,-3,0,-1,4,3
"441",2,-1,-1,-4,1,1,-1,-2,-1,-2,-4,-1,4,-1,-3,-2,3,4
"442",3,-2,-3,-3,-1,-2,4,2,-2,-2,-3,-2,4,4,-3,0,0,4
"443",3,1,1,-1,-1,2,1,4,-1,3,-1,-2,2,-1,0,0,2,3
"444",2,-3,-4,-2,-4,-4,2,4,-2,-3,-3,-4,4,2,4,3,4,1
"445",2,-1,0,-1,-2,1,2,1,1,-1,0,0,0,0,-1,-1,-1,-1
"446",0,-1,-2,-2,-3,2,2,0,2,3,-1,1,4,-3,4,-2,2,3
"447",2,0,-2,-1,1,1,2,1,-2,1,2,1,3,2,-1,-2,0,2
"448",3,-3,-3,4,0,2,4,4,-3,0,2,-4,2,-1,2,-4,3,4
"449",2,-3,-4,-3,0,-4,1,3,-4,-3,4,-2,-1,-4,-2,-1,2,3
"450",-3,-3,-3,2,-1,2,4,4,1,-1,-1,2,4,1,2,2,3,4
"451",4,-4,-4,-3,-4,-1,2,4,-2,-3,-4,-3,4,-2,-2,-3,3,4
"452",4,-1,0,1,-2,2,4,1,2,-2,-2,1,3,-3,-2,-3,-1,4
"453",-2,-4,-3,-3,-2,-2,4,2,0,-2,-2,-1,2,2,-1,-2,2,1
"454",0,-2,0,-2,-4,-1,2,2,-2,-2,-2,0,0,-2,2,-2,2,1
"455",-1,-2,-4,2,-4,-1,3,2,-1,1,2,0,-1,-3,3,-1,-2,3
"456",2,-2,-3,0,-3,0,3,4,-3,-4,-1,-1,3,-1,2,3,3,4
"457",2,-4,-4,0,-4,-2,3,4,-1,-1,-4,-2,3,-1,4,0,3,-1
"458",3,-2,-2,-1,-2,0,2,4,2,-1,-2,-3,1,-4,-3,-2,2,4
"459",0,0,0,0,0,-3,1,0,0,0,0,0,0,0,0,0,0,0
"460",2,1,-3,-4,-3,0,1,1,-3,-1,-3,-1,2,0,-1,-1,0,3
"461",1,-4,-1,1,2,-4,0,1,-4,1,0,-2,2,2,2,2,3,1
"462",2,-3,-4,-3,-3,2,3,4,4,-4,-4,-3,4,-2,2,-3,2,3
"463",2,-1,-3,2,-2,-2,0,2,1,-1,0,0,2,0,0,0,-1,1
"464",2,-2,-2,0,-3,1,3,0,-1,-2,-1,-2,1,1,-1,-1,1,2
"465",-1,0,-1,0,-2,-3,1,1,-2,-3,-2,-2,2,-1,1,-1,1,1
"466",3,0,0,0,0,0,4,4,1,0,0,0,0,0,0,0,4,3
"467",4,4,3,1,3,4,4,4,1,3,4,4,4,2,3,-2,4,4
"468",3,-2,0,-3,-4,3,2,3,-2,2,-4,-3,4,1,-1,-4,3,2
"469",2,-3,-2,-4,-2,-2,3,4,-3,-3,-4,-3,-2,-1,-2,-1,2,3
"470",2,-2,-3,1,-3,0,2,3,-1,-3,-3,-3,4,-4,0,-4,2,3
"471",0,-2,-4,-1,-4,-2,2,4,0,-3,-1,-1,4,0,2,1,3,3
"472",3,2,-4,-3,3,-2,0,4,-3,-3,-4,-2,3,3,1,-3,2,2
"473",2,2,-2,-1,-2,-1,2,3,4,-3,-3,-2,1,2,2,1,2,4
"474",1,-1,-3,-1,-3,-1,1,-2,-2,-1,-2,-1,2,-2,1,-1,-2,0
"475",4,-4,-4,-4,-3,2,3,3,2,-2,-2,-1,2,-3,-1,-2,1,2
"476",-2,0,1,-2,-1,3,3,4,4,1,0,0,0,-2,1,0,3,2
"477",2,-3,0,0,-3,-1,2,4,0,0,0,0,4,-3,1,-4,3,3
"478",-1,-2,2,0,0,-1,2,4,-3,-2,0,-2,1,0,0,1,-1,1
"479",-2,2,0,1,4,-1,1,0,0,1,0,1,1,2,3,-2,0,3
"480",0,0,-1,1,-1,1,3,3,3,-2,-2,-1,4,0,0,0,0,0
"481",0,3,-2,-1,0,-1,3,0,-3,3,0,2,-2,2,-2,1,-2,1
"482",3,-3,1,-2,-3,-1,1,3,-1,2,-3,-2,2,-2,-2,-3,2,3
"483",1,-1,-1,1,-1,0,1,1,-1,-1,-1,0,1,-1,0,-1,1,1
"484",3,0,0,0,-2,2,3,4,-3,-1,2,-1,4,0,0,-3,4,4
"485",0,-2,-3,0,1,-2,2,2,-1,3,-2,-1,-2,2,-3,0,2,-2
"486",0,-2,-3,1,-1,-4,4,3,-4,-3,2,-4,0,1,-4,-4,3,2
"487",2,-3,-2,0,0,-3,0,4,-3,-1,1,-1,-1,2,0,0,4,0
"488",4,-3,-4,-2,-1,-4,3,4,4,-4,-4,-4,4,2,1,0,0,4
"489",-1,-4,-1,0,-1,1,0,1,-1,-1,2,0,1,-2,-2,-2,2,2
"490",0,2,0,0,0,-1,3,4,3,-2,0,-1,2,3,-3,3,0,3
"491",-1,-3,-3,-4,-3,-2,0,0,-4,-2,-1,-4,0,-4,-3,-3,0,0
"492",-1,-1,-2,-2,-1,-1,0,-1,-1,-1,-1,-1,2,1,0,2,0,1
"493",4,-4,-3,-4,-4,3,4,4,-4,-3,-4,-4,3,4,-3,-4,3,3
"494",3,1,1,-2,-1,2,3,4,0,-1,1,0,4,1,0,-1,1,2
"495",4,-2,-2,-4,-2,4,2,1,0,1,1,-1,4,0,-1,-2,-1,-1
"496",-1,-2,0,0,-1,1,3,-1,3,-1,-4,0,0,-2,0,-2,0,0
"497",2,-3,-1,0,-2,0,1,1,0,1,-2,-1,2,-2,1,-1,2,2
"498",4,-1,0,2,-1,-3,1,4,0,-1,0,1,4,0,4,2,4,4
"499",1,1,-2,0,-3,-1,0,-1,-3,-3,-2,-3,0,-2,-2,2,0,0
"500",2,-2,-3,2,-2,0,2,4,0,-3,-3,-4,2,-2,0,2,3,3
"501",4,-1,-2,2,1,4,3,4,3,-1,3,3,4,4,-4,-3,4,4
"502",-1,-3,-2,-2,-3,-3,0,3,-1,-3,-1,-3,0,1,-1,0,1,1
"503",-2,-2,-3,-3,-2,-2,1,2,-1,-2,3,-2,1,-3,2,-3,-2,2
"504",-1,-1,-2,2,-3,-1,4,4,0,-2,-2,0,4,-2,4,4,0,4
"505",3,0,-1,3,-3,-2,3,3,-1,-2,-1,-3,3,1,-2,2,2,1
"506",2,1,1,0,-1,-2,1,2,-2,-2,-4,-1,1,-3,0,-4,0,1
"507",0,-2,-3,0,0,-4,-1,0,0,-1,-2,0,1,-1,-4,-3,-1,2
"508",-2,0,1,0,-3,-3,-2,-3,-4,0,3,-3,-4,-3,0,-2,0,-3
"509",1,-2,-2,0,0,-1,1,1,0,0,0,-1,2,-1,0,-1,-1,-1
"510",1,-2,-2,-2,-3,1,0,1,0,-1,-1,-1,-1,0,0,0,1,1
"511",1,-2,0,0,1,1,0,0,0,0,0,0,0,0,0,0,0,0
"512",2,-3,-4,-1,-4,-3,3,4,4,-3,-3,-4,3,-4,1,-2,1,3
"513",1,-1,-4,0,3,-3,3,3,-4,-3,0,1,4,2,4,3,4,4
"514",-1,-1,-3,-1,-2,2,3,3,0,-2,-3,-1,-1,-3,-2,-1,0,1
"515",-1,-3,-2,2,-4,-4,4,4,-3,-1,-2,-3,3,1,4,4,4,4
"516",4,3,-3,-4,-4,-3,4,1,-3,-4,2,-1,4,4,-3,-2,-2,0
"517",2,-2,-3,-4,1,-1,1,4,4,1,-3,-4,1,-1,1,-2,1,3
"518",1,2,0,2,1,-1,-1,0,0,0,0,2,3,2,2,-1,-2,1
"519",-2,3,3,-2,-2,1,0,1,3,2,3,3,-3,-2,0,-3,-2,2
"520",4,-1,-1,-2,-2,1,3,3,0,-1,-1,-1,4,0,0,-1,3,3
"521",-2,-3,-3,2,3,-3,-2,4,4,3,1,3,3,3,3,2,3,3
"522",-1,-2,-3,-3,-2,-4,2,3,-2,-3,-3,0,2,-2,-3,-1,0,4
"523",2,0,-4,0,1,-2,3,4,-1,-2,-1,-2,3,2,-2,2,-1,-2
"524",2,-1,-3,-1,-2,-2,3,4,3,-3,-2,-2,2,-1,-1,-2,3,2
"525",-1,-1,-4,1,-4,-2,1,4,-4,-4,1,-3,3,4,4,2,4,-1
"526",2,-2,-4,-3,-2,-1,2,2,-2,-1,-2,-3,3,0,-1,-3,2,1
"527",-1,-3,-3,0,2,-4,2,3,0,0,-2,-1,2,0,1,2,0,2
"528",2,-3,-4,0,-4,-4,4,4,4,-4,4,-4,4,-4,-4,4,0,4
"529",4,3,-4,2,2,2,4,4,4,1,1,1,4,0,2,1,4,4
"530",-2,2,2,3,1,2,-1,1,2,2,2,2,2,1,2,2,2,1
"531",3,0,-1,0,-3,0,3,4,-2,0,1,1,2,-2,1,1,2,4
"532",2,-2,-2,-4,-4,1,3,0,0,-3,-3,-2,4,-2,1,3,2,3
"533",-1,-3,-4,-2,-2,-4,3,3,-4,-2,1,0,2,-2,-2,-2,1,3
"534",-2,-3,-4,2,1,2,3,2,2,-1,-1,1,2,3,0,3,1,3
"535",1,-1,2,-1,-1,-1,0,2,1,-1,2,-1,3,3,2,-1,2,3
"536",-2,-3,-4,-3,-3,-3,1,1,-4,-4,-3,-4,-3,-2,-1,-3,0,1
"537",2,-1,-4,-1,-2,-4,3,3,-2,0,-1,-1,2,-1,-1,0,1,0
"538",2,-1,-3,-1,-3,2,1,1,1,3,-2,1,1,-2,1,1,1,3
"539",1,-1,-3,-2,0,-2,4,2,4,-4,1,0,0,4,4,-2,-1,0
"540",2,-4,-4,-2,-3,1,3,4,-2,-1,0,-2,2,-4,-3,-4,2,2
"541",2,-4,-3,2,-4,-1,2,1,-3,-3,-2,-3,3,3,3,-2,3,2
"542",1,-2,-4,-3,-1,-3,2,1,-3,-3,-3,-2,2,-2,-2,1,0,2
"543",-1,-1,0,2,-1,-4,2,-2,2,-2,4,-3,2,-2,4,-4,-3,-4
"544",3,1,0,2,1,1,2,3,0,-4,-3,-2,3,1,0,-2,1,2
"545",3,-3,-4,0,-1,1,2,2,0,-4,-3,-2,2,0,0,0,1,0
"546",3,-2,-3,1,-4,-3,4,4,0,0,1,4,1,2,0,0,0,3
"547",0,-4,-4,-3,1,3,3,2,1,-1,3,4,4,3,0,-3,3,3
